Scan_Index,Domain,Bit_Name,Bit,Comment
0,LO,v_dac_mixer[0],0,
1,LO,v_dac_mixer[1],0,
2,LO,v_dac_mixer[2],1,
3,LO,v_dac_mixer[3],1,
4,LO,v_dac_mixer[4],0,
5,LO,v_dac_mixer[5],0,
6,LO,v_dac_mixer_amp_en[0],1,
7,LO,i_bias_lo_amp_115g_s3[0],0,
8,LO,i_bias_lo_amp_115g_s3[1],0,
9,LO,i_bias_lo_amp_115g_s3[2],1,
10,LO,i_bias_lo_amp_115g_s3[3],1,
11,LO,i_bias_lo_amp_115g_s3[4],0,
12,LO,i_bias_lo_amp_115g_s3[5],0,
13,LO,i_bias_lo_amp_115g_s2[0],0,
14,LO,i_bias_lo_amp_115g_s2[1],0,
15,LO,i_bias_lo_amp_115g_s2[2],1,
16,LO,i_bias_lo_amp_115g_s2[3],1,
17,LO,i_bias_lo_amp_115g_s2[4],0,
18,LO,i_bias_lo_amp_115g_s2[5],0,
19,LO,i_bias_lo_amp_115g_s1[0],0,
20,LO,i_bias_lo_amp_115g_s1[1],0,
21,LO,i_bias_lo_amp_115g_s1[2],1,
22,LO,i_bias_lo_amp_115g_s1[3],1,
23,LO,i_bias_lo_amp_115g_s1[4],0,
24,LO,i_bias_lo_amp_115g_s1[5],0,
25,LO,i_bias_lo_quad_115g[0],1,
26,LO,i_bias_lo_quad_115g[1],0,
27,LO,i_bias_lo_quad_115g[2],0,
28,LO,i_bias_lo_quad_115g[3],0,
29,LO,i_bias_lo_quad_115g[4],1,
30,LO,i_bias_lo_quad_115g[5],0,
31,LO,i_bias_lo_amp_28g[0],0,
32,LO,i_bias_lo_amp_28g[1],0,
33,LO,i_bias_lo_amp_28g[2],1,
34,LO,i_bias_lo_amp_28g[3],1,
35,LO,i_bias_lo_amp_28g[4],0,
36,LO,i_bias_lo_amp_28g[5],0,
37,LO,i_bias_lo_quad_28g[0],1,
38,LO,i_bias_lo_quad_28g[1],0,
39,LO,i_bias_lo_quad_28g[2],0,
40,LO,i_bias_lo_quad_28g[3],0,
41,LO,i_bias_lo_quad_28g[4],1,
42,LO,i_bias_lo_quad_28g[5],0,
43,LO,i_bias_dac_mixer_amp[0],0,
44,LO,i_bias_dac_mixer_amp[1],1,
45,LO,i_bias_dac_mixer_amp[2],0,
46,LO,i_bias_dac_mixer_amp[3],0,
47,LO,i_bias_dac_mixer_amp[4],0,
48,LO,i_bias_dac_mixer_amp[5],0,
49,LO,lo_padding[0],0,
50,LO,lo_padding[1],0,
51,LO,lo_padding[2],0,
52,LO,lo_padding[3],0,
53,LO,lo_padding[4],0,
54,LO,lo_padding[5],0,
55,LO,lo_padding[6],0,
56,LO,lo_padding[7],0,
57,LO,lo_padding[8],0,
58,LO,lo_padding[9],0,
59,LO,lo_padding[10],0,
60,RX,cntr_rx_ch1_ps_q_p[0],0,
61,RX,cntr_rx_ch1_ps_q_p[1],0,
62,RX,cntr_rx_ch1_ps_q_p[2],0,
63,RX,cntr_rx_ch1_ps_q_n[0],0,
64,RX,cntr_rx_ch1_ps_q_n[1],0,
65,RX,cntr_rx_ch1_ps_q_n[2],0,
66,RX,cntr_rx_ch1_ps_i_p[0],1,
67,RX,cntr_rx_ch1_ps_i_p[1],1,
68,RX,cntr_rx_ch1_ps_i_p[2],1,
69,RX,cntr_rx_ch1_ps_i_n[0],0,
70,RX,cntr_rx_ch1_ps_i_n[1],0,
71,RX,cntr_rx_ch1_ps_i_n[2],0,
72,RX,i_bias_rx_ch1_amp_s1_cg[0],0,
73,RX,i_bias_rx_ch1_amp_s1_cg[1],0,
74,RX,i_bias_rx_ch1_amp_s1_cg[2],0,
75,RX,i_bias_rx_ch1_amp_s1_cg[3],1,
76,RX,i_bias_rx_ch1_amp_s1_cg[4],0,
77,RX,i_bias_rx_ch1_amp_s1_cg[5],0,
78,RX,i_bias_rx_ch1_amp_s1_cs[0],0,
79,RX,i_bias_rx_ch1_amp_s1_cs[1],0,
80,RX,i_bias_rx_ch1_amp_s1_cs[2],0,
81,RX,i_bias_rx_ch1_amp_s1_cs[3],1,
82,RX,i_bias_rx_ch1_amp_s1_cs[4],0,
83,RX,i_bias_rx_ch1_amp_s1_cs[5],0,
84,RX,i_bias_rx_ch1_amp_s2[0],0,
85,RX,i_bias_rx_ch1_amp_s2[1],0,
86,RX,i_bias_rx_ch1_amp_s2[2],1,
87,RX,i_bias_rx_ch1_amp_s2[3],1,
88,RX,i_bias_rx_ch1_amp_s2[4],0,
89,RX,i_bias_rx_ch1_amp_s2[5],0,
90,RX,i_bias_rx_ch1_amp_s3[0],0,
91,RX,i_bias_rx_ch1_amp_s3[1],0,
92,RX,i_bias_rx_ch1_amp_s3[2],1,
93,RX,i_bias_rx_ch1_amp_s3[3],1,
94,RX,i_bias_rx_ch1_amp_s3[4],0,
95,RX,i_bias_rx_ch1_amp_s3[5],0,
96,RX,i_bias_rx_ch1_amp_s4[0],0,
97,RX,i_bias_rx_ch1_amp_s4[1],0,
98,RX,i_bias_rx_ch1_amp_s4[2],1,
99,RX,i_bias_rx_ch1_amp_s4[3],1,
100,RX,i_bias_rx_ch1_amp_s4[4],0,
101,RX,i_bias_rx_ch1_amp_s4[5],0,
102,RX,i_bias_rx_ch1_ps[0],0,
103,RX,i_bias_rx_ch1_ps[1],0,
104,RX,i_bias_rx_ch1_ps[2],1,
105,RX,i_bias_rx_ch1_ps[3],1,
106,RX,i_bias_rx_ch1_ps[4],0,
107,RX,i_bias_rx_ch1_ps[5],0,
108,RX,cntr_rx_ch2_ps_q_p[0],0,
109,RX,cntr_rx_ch2_ps_q_p[1],0,
110,RX,cntr_rx_ch2_ps_q_p[2],0,
111,RX,cntr_rx_ch2_ps_q_n[0],0,
112,RX,cntr_rx_ch2_ps_q_n[1],0,
113,RX,cntr_rx_ch2_ps_q_n[2],0,
114,RX,cntr_rx_ch2_ps_i_p[0],1,
115,RX,cntr_rx_ch2_ps_i_p[1],1,
116,RX,cntr_rx_ch2_ps_i_p[2],1,
117,RX,cntr_rx_ch2_ps_i_n[0],0,
118,RX,cntr_rx_ch2_ps_i_n[1],0,
119,RX,cntr_rx_ch2_ps_i_n[2],0,
120,RX,i_bias_rx_ch2_amp_s1_cg[0],0,
121,RX,i_bias_rx_ch2_amp_s1_cg[1],0,
122,RX,i_bias_rx_ch2_amp_s1_cg[2],0,
123,RX,i_bias_rx_ch2_amp_s1_cg[3],1,
124,RX,i_bias_rx_ch2_amp_s1_cg[4],0,
125,RX,i_bias_rx_ch2_amp_s1_cg[5],0,
126,RX,i_bias_rx_ch2_amp_s1_cs[0],0,
127,RX,i_bias_rx_ch2_amp_s1_cs[1],0,
128,RX,i_bias_rx_ch2_amp_s1_cs[2],0,
129,RX,i_bias_rx_ch2_amp_s1_cs[3],1,
130,RX,i_bias_rx_ch2_amp_s1_cs[4],0,
131,RX,i_bias_rx_ch2_amp_s1_cs[5],0,
132,RX,i_bias_rx_ch2_amp_s2[0],0,
133,RX,i_bias_rx_ch2_amp_s2[1],0,
134,RX,i_bias_rx_ch2_amp_s2[2],1,
135,RX,i_bias_rx_ch2_amp_s2[3],1,
136,RX,i_bias_rx_ch2_amp_s2[4],0,
137,RX,i_bias_rx_ch2_amp_s2[5],0,
138,RX,i_bias_rx_ch2_amp_s3[0],0,
139,RX,i_bias_rx_ch2_amp_s3[1],0,
140,RX,i_bias_rx_ch2_amp_s3[2],1,
141,RX,i_bias_rx_ch2_amp_s3[3],1,
142,RX,i_bias_rx_ch2_amp_s3[4],0,
143,RX,i_bias_rx_ch2_amp_s3[5],0,
144,RX,i_bias_rx_ch2_amp_s4[0],0,
145,RX,i_bias_rx_ch2_amp_s4[1],0,
146,RX,i_bias_rx_ch2_amp_s4[2],1,
147,RX,i_bias_rx_ch2_amp_s4[3],1,
148,RX,i_bias_rx_ch2_amp_s4[4],0,
149,RX,i_bias_rx_ch2_amp_s4[5],0,
150,RX,i_bias_rx_ch2_ps[0],0,
151,RX,i_bias_rx_ch2_ps[1],0,
152,RX,i_bias_rx_ch2_ps[2],1,
153,RX,i_bias_rx_ch2_ps[3],1,
154,RX,i_bias_rx_ch2_ps[4],0,
155,RX,i_bias_rx_ch2_ps[5],0,
156,RX,cntr_rx_ch3_ps_q_p[0],0,
157,RX,cntr_rx_ch3_ps_q_p[1],0,
158,RX,cntr_rx_ch3_ps_q_p[2],0,
159,RX,cntr_rx_ch3_ps_q_n[0],0,
160,RX,cntr_rx_ch3_ps_q_n[1],0,
161,RX,cntr_rx_ch3_ps_q_n[2],0,
162,RX,cntr_rx_ch3_ps_i_p[0],1,
163,RX,cntr_rx_ch3_ps_i_p[1],1,
164,RX,cntr_rx_ch3_ps_i_p[2],1,
165,RX,cntr_rx_ch3_ps_i_n[0],0,
166,RX,cntr_rx_ch3_ps_i_n[1],0,
167,RX,cntr_rx_ch3_ps_i_n[2],0,
168,RX,i_bias_rx_ch3_amp_s1_cg[0],0,
169,RX,i_bias_rx_ch3_amp_s1_cg[1],0,
170,RX,i_bias_rx_ch3_amp_s1_cg[2],0,
171,RX,i_bias_rx_ch3_amp_s1_cg[3],1,
172,RX,i_bias_rx_ch3_amp_s1_cg[4],0,
173,RX,i_bias_rx_ch3_amp_s1_cg[5],0,
174,RX,i_bias_rx_ch3_amp_s1_cs[0],0,
175,RX,i_bias_rx_ch3_amp_s1_cs[1],0,
176,RX,i_bias_rx_ch3_amp_s1_cs[2],0,
177,RX,i_bias_rx_ch3_amp_s1_cs[3],1,
178,RX,i_bias_rx_ch3_amp_s1_cs[4],0,
179,RX,i_bias_rx_ch3_amp_s1_cs[5],0,
180,RX,i_bias_rx_ch3_amp_s2[0],0,
181,RX,i_bias_rx_ch3_amp_s2[1],0,
182,RX,i_bias_rx_ch3_amp_s2[2],1,
183,RX,i_bias_rx_ch3_amp_s2[3],1,
184,RX,i_bias_rx_ch3_amp_s2[4],0,
185,RX,i_bias_rx_ch3_amp_s2[5],0,
186,RX,i_bias_rx_ch3_amp_s3[0],0,
187,RX,i_bias_rx_ch3_amp_s3[1],0,
188,RX,i_bias_rx_ch3_amp_s3[2],1,
189,RX,i_bias_rx_ch3_amp_s3[3],1,
190,RX,i_bias_rx_ch3_amp_s3[4],0,
191,RX,i_bias_rx_ch3_amp_s3[5],0,
192,RX,i_bias_rx_ch3_amp_s4[0],0,
193,RX,i_bias_rx_ch3_amp_s4[1],0,
194,RX,i_bias_rx_ch3_amp_s4[2],1,
195,RX,i_bias_rx_ch3_amp_s4[3],1,
196,RX,i_bias_rx_ch3_amp_s4[4],0,
197,RX,i_bias_rx_ch3_amp_s4[5],0,
198,RX,i_bias_rx_ch3_ps[0],0,
199,RX,i_bias_rx_ch3_ps[1],0,
200,RX,i_bias_rx_ch3_ps[2],1,
201,RX,i_bias_rx_ch3_ps[3],1,
202,RX,i_bias_rx_ch3_ps[4],0,
203,RX,i_bias_rx_ch3_ps[5],0,
204,RX,cntr_rx_ch4_ps_q_p[0],0,
205,RX,cntr_rx_ch4_ps_q_p[1],0,
206,RX,cntr_rx_ch4_ps_q_p[2],0,
207,RX,cntr_rx_ch4_ps_q_n[0],0,
208,RX,cntr_rx_ch4_ps_q_n[1],0,
209,RX,cntr_rx_ch4_ps_q_n[2],0,
210,RX,cntr_rx_ch4_ps_i_p[0],1,
211,RX,cntr_rx_ch4_ps_i_p[1],1,
212,RX,cntr_rx_ch4_ps_i_p[2],1,
213,RX,cntr_rx_ch4_ps_i_n[0],0,
214,RX,cntr_rx_ch4_ps_i_n[1],0,
215,RX,cntr_rx_ch4_ps_i_n[2],0,
216,RX,i_bias_rx_ch4_amp_s1_cg[0],0,
217,RX,i_bias_rx_ch4_amp_s1_cg[1],0,
218,RX,i_bias_rx_ch4_amp_s1_cg[2],0,
219,RX,i_bias_rx_ch4_amp_s1_cg[3],1,
220,RX,i_bias_rx_ch4_amp_s1_cg[4],0,
221,RX,i_bias_rx_ch4_amp_s1_cg[5],0,
222,RX,i_bias_rx_ch4_amp_s1_cs[0],0,
223,RX,i_bias_rx_ch4_amp_s1_cs[1],0,
224,RX,i_bias_rx_ch4_amp_s1_cs[2],0,
225,RX,i_bias_rx_ch4_amp_s1_cs[3],1,
226,RX,i_bias_rx_ch4_amp_s1_cs[4],0,
227,RX,i_bias_rx_ch4_amp_s1_cs[5],0,
228,RX,i_bias_rx_ch4_amp_s2[0],0,
229,RX,i_bias_rx_ch4_amp_s2[1],0,
230,RX,i_bias_rx_ch4_amp_s2[2],1,
231,RX,i_bias_rx_ch4_amp_s2[3],1,
232,RX,i_bias_rx_ch4_amp_s2[4],0,
233,RX,i_bias_rx_ch4_amp_s2[5],0,
234,RX,i_bias_rx_ch4_amp_s3[0],0,
235,RX,i_bias_rx_ch4_amp_s3[1],0,
236,RX,i_bias_rx_ch4_amp_s3[2],1,
237,RX,i_bias_rx_ch4_amp_s3[3],1,
238,RX,i_bias_rx_ch4_amp_s3[4],0,
239,RX,i_bias_rx_ch4_amp_s3[5],0,
240,RX,i_bias_rx_ch4_amp_s4[0],0,
241,RX,i_bias_rx_ch4_amp_s4[1],0,
242,RX,i_bias_rx_ch4_amp_s4[2],1,
243,RX,i_bias_rx_ch4_amp_s4[3],1,
244,RX,i_bias_rx_ch4_amp_s4[4],0,
245,RX,i_bias_rx_ch4_amp_s4[5],0,
246,RX,i_bias_rx_ch4_ps[0],0,
247,RX,i_bias_rx_ch4_ps[1],0,
248,RX,i_bias_rx_ch4_ps[2],1,
249,RX,i_bias_rx_ch4_ps[3],1,
250,RX,i_bias_rx_ch4_ps[4],0,
251,RX,i_bias_rx_ch4_ps[5],0,
252,RX,i_bias_rx_comm_amp_s1[0],0,
253,RX,i_bias_rx_comm_amp_s1[1],0,
254,RX,i_bias_rx_comm_amp_s1[2],1,
255,RX,i_bias_rx_comm_amp_s1[3],1,
256,RX,i_bias_rx_comm_amp_s1[4],0,
257,RX,i_bias_rx_comm_amp_s1[5],0,
258,RX,i_bias_rx_comm_amp_s2[0],0,
259,RX,i_bias_rx_comm_amp_s2[1],0,
260,RX,i_bias_rx_comm_amp_s2[2],1,
261,RX,i_bias_rx_comm_amp_s2[3],1,
262,RX,i_bias_rx_comm_amp_s2[4],0,
263,RX,i_bias_rx_comm_amp_s2[5],0,
264,RX,i_bias_rx_comm_amp_s3[0],0,
265,RX,i_bias_rx_comm_amp_s3[1],0,
266,RX,i_bias_rx_comm_amp_s3[2],1,
267,RX,i_bias_rx_comm_amp_s3[3],1,
268,RX,i_bias_rx_comm_amp_s3[4],0,
269,RX,i_bias_rx_comm_amp_s3[5],0,
270,RX,rx_padding[0],0,
271,RX,rx_padding[1],0,
272,RX,rx_padding[2],0,
273,RX,rx_padding[3],0,
274,RX,rx_padding[4],0,
275,RX,rx_padding[5],0,
276,RX,rx_padding[6],0,
277,RX,rx_padding[7],0,
278,RX,rx_padding[8],0,
279,RX,rx_padding[9],0,
280,RX,rx_padding[10],0,
281,RX,rx_padding[11],0,
282,RX,rx_padding[12],0,
283,RX,rx_padding[13],0,
284,RX,rx_padding[14],0,
285,RX,rx_padding[15],0,
286,RX,rx_padding[16],0,
287,RX,rx_padding[17],0,
288,RX,rx_padding[18],0,
289,RX,rx_padding[19],0,
290,RX,rx_padding[20],0,
291,RX,rx_padding[21],0,
292,RX,rx_padding[22],0,
293,RX,rx_padding[23],0,
294,RX,rx_padding[24],0,
295,RX,rx_padding[25],0,
296,RX,rx_padding[26],0,
297,RX,rx_padding[27],0,
298,RX,rx_padding[28],0,
299,RX,rx_padding[29],0,
300,TX,cntr_tx_ch1_ps_q_p[0],0,
301,TX,cntr_tx_ch1_ps_q_p[1],0,
302,TX,cntr_tx_ch1_ps_q_p[2],0,
303,TX,cntr_tx_ch1_ps_q_n[0],0,
304,TX,cntr_tx_ch1_ps_q_n[1],0,
305,TX,cntr_tx_ch1_ps_q_n[2],0,
306,TX,cntr_tx_ch1_ps_i_p[0],1,
307,TX,cntr_tx_ch1_ps_i_p[1],1,
308,TX,cntr_tx_ch1_ps_i_p[2],1,
309,TX,cntr_tx_ch1_ps_i_n[0],0,
310,TX,cntr_tx_ch1_ps_i_n[1],0,
311,TX,cntr_tx_ch1_ps_i_n[2],0,
312,TX,i_bias_tx_ch1_pa_s1[0],0,
313,TX,i_bias_tx_ch1_pa_s1[1],0,
314,TX,i_bias_tx_ch1_pa_s1[2],1,
315,TX,i_bias_tx_ch1_pa_s1[3],1,
316,TX,i_bias_tx_ch1_pa_s1[4],0,
317,TX,i_bias_tx_ch1_pa_s1[5],0,
318,TX,i_bias_tx_ch1_pa_s2[0],0,
319,TX,i_bias_tx_ch1_pa_s2[1],1,
320,TX,i_bias_tx_ch1_pa_s2[2],0,
321,TX,i_bias_tx_ch1_pa_s2[3],1,
322,TX,i_bias_tx_ch1_pa_s2[4],0,
323,TX,i_bias_tx_ch1_pa_s2[5],0,
324,TX,i_bias_tx_ch1_pa_s3[0],0,
325,TX,i_bias_tx_ch1_pa_s3[1],1,
326,TX,i_bias_tx_ch1_pa_s3[2],0,
327,TX,i_bias_tx_ch1_pa_s3[3],1,
328,TX,i_bias_tx_ch1_pa_s3[4],0,
329,TX,i_bias_tx_ch1_pa_s3[5],0,
330,TX,i_bias_tx_ch1_ps[0],0,
331,TX,i_bias_tx_ch1_ps[1],0,
332,TX,i_bias_tx_ch1_ps[2],1,
333,TX,i_bias_tx_ch1_ps[3],1,
334,TX,i_bias_tx_ch1_ps[4],0,
335,TX,i_bias_tx_ch1_ps[5],0,
336,TX,cntr_tx_ch2_ps_q_p[0],0,
337,TX,cntr_tx_ch2_ps_q_p[1],0,
338,TX,cntr_tx_ch2_ps_q_p[2],0,
339,TX,cntr_tx_ch2_ps_q_n[0],0,
340,TX,cntr_tx_ch2_ps_q_n[1],0,
341,TX,cntr_tx_ch2_ps_q_n[2],0,
342,TX,cntr_tx_ch2_ps_i_p[0],1,
343,TX,cntr_tx_ch2_ps_i_p[1],1,
344,TX,cntr_tx_ch2_ps_i_p[2],1,
345,TX,cntr_tx_ch2_ps_i_n[0],0,
346,TX,cntr_tx_ch2_ps_i_n[1],0,
347,TX,cntr_tx_ch2_ps_i_n[2],0,
348,TX,i_bias_tx_ch2_amp_s1[0],0,
349,TX,i_bias_tx_ch2_amp_s1[1],0,
350,TX,i_bias_tx_ch2_amp_s1[2],1,
351,TX,i_bias_tx_ch2_amp_s1[3],1,
352,TX,i_bias_tx_ch2_amp_s1[4],0,
353,TX,i_bias_tx_ch2_amp_s1[5],0,
354,TX,i_bias_tx_ch2_amp_s2[0],0,
355,TX,i_bias_tx_ch2_amp_s2[1],1,
356,TX,i_bias_tx_ch2_amp_s2[2],0,
357,TX,i_bias_tx_ch2_amp_s2[3],1,
358,TX,i_bias_tx_ch2_amp_s2[4],0,
359,TX,i_bias_tx_ch2_amp_s2[5],0,
360,TX,i_bias_tx_ch2_amp_s3[0],0,
361,TX,i_bias_tx_ch2_amp_s3[1],1,
362,TX,i_bias_tx_ch2_amp_s3[2],0,
363,TX,i_bias_tx_ch2_amp_s3[3],1,
364,TX,i_bias_tx_ch2_amp_s3[4],0,
365,TX,i_bias_tx_ch2_amp_s3[5],0,
366,TX,i_bias_tx_ch2_ps[0],0,
367,TX,i_bias_tx_ch2_ps[1],0,
368,TX,i_bias_tx_ch2_ps[2],1,
369,TX,i_bias_tx_ch2_ps[3],1,
370,TX,i_bias_tx_ch2_ps[4],0,
371,TX,i_bias_tx_ch2_ps[5],0,
372,TX,cntr_tx_ch3_ps_q_p[0],0,
373,TX,cntr_tx_ch3_ps_q_p[1],0,
374,TX,cntr_tx_ch3_ps_q_p[2],0,
375,TX,cntr_tx_ch3_ps_q_n[0],0,
376,TX,cntr_tx_ch3_ps_q_n[1],0,
377,TX,cntr_tx_ch3_ps_q_n[2],0,
378,TX,cntr_tx_ch3_ps_i_p[0],1,
379,TX,cntr_tx_ch3_ps_i_p[1],1,
380,TX,cntr_tx_ch3_ps_i_p[2],1,
381,TX,cntr_tx_ch3_ps_i_n[0],0,
382,TX,cntr_tx_ch3_ps_i_n[1],0,
383,TX,cntr_tx_ch3_ps_i_n[2],0,
384,TX,i_bias_tx_ch3_amp_s1[0],0,
385,TX,i_bias_tx_ch3_amp_s1[1],0,
386,TX,i_bias_tx_ch3_amp_s1[2],1,
387,TX,i_bias_tx_ch3_amp_s1[3],1,
388,TX,i_bias_tx_ch3_amp_s1[4],0,
389,TX,i_bias_tx_ch3_amp_s1[5],0,
390,TX,i_bias_tx_ch3_amp_s2[0],0,
391,TX,i_bias_tx_ch3_amp_s2[1],1,
392,TX,i_bias_tx_ch3_amp_s2[2],0,
393,TX,i_bias_tx_ch3_amp_s2[3],1,
394,TX,i_bias_tx_ch3_amp_s2[4],0,
395,TX,i_bias_tx_ch3_amp_s2[5],0,
396,TX,i_bias_tx_ch3_amp_s3[0],0,
397,TX,i_bias_tx_ch3_amp_s3[1],1,
398,TX,i_bias_tx_ch3_amp_s3[2],0,
399,TX,i_bias_tx_ch3_amp_s3[3],1,
400,TX,i_bias_tx_ch3_amp_s3[4],0,
401,TX,i_bias_tx_ch3_amp_s3[5],0,
402,TX,i_bias_tx_ch3_ps[0],0,
403,TX,i_bias_tx_ch3_ps[1],0,
404,TX,i_bias_tx_ch3_ps[2],1,
405,TX,i_bias_tx_ch3_ps[3],1,
406,TX,i_bias_tx_ch3_ps[4],0,
407,TX,i_bias_tx_ch3_ps[5],0,
408,TX,cntr_tx_ch4_ps_q_p[0],0,
409,TX,cntr_tx_ch4_ps_q_p[1],0,
410,TX,cntr_tx_ch4_ps_q_p[2],0,
411,TX,cntr_tx_ch4_ps_q_n[0],0,
412,TX,cntr_tx_ch4_ps_q_n[1],0,
413,TX,cntr_tx_ch4_ps_q_n[2],0,
414,TX,cntr_tx_ch4_ps_i_p[0],1,
415,TX,cntr_tx_ch4_ps_i_p[1],1,
416,TX,cntr_tx_ch4_ps_i_p[2],1,
417,TX,cntr_tx_ch4_ps_i_n[0],0,
418,TX,cntr_tx_ch4_ps_i_n[1],0,
419,TX,cntr_tx_ch4_ps_i_n[2],0,
420,TX,i_bias_tx_ch4_amp_s1[0],0,
421,TX,i_bias_tx_ch4_amp_s1[1],0,
422,TX,i_bias_tx_ch4_amp_s1[2],1,
423,TX,i_bias_tx_ch4_amp_s1[3],1,
424,TX,i_bias_tx_ch4_amp_s1[4],0,
425,TX,i_bias_tx_ch4_amp_s1[5],0,
426,TX,i_bias_tx_ch4_amp_s2[0],0,
427,TX,i_bias_tx_ch4_amp_s2[1],1,
428,TX,i_bias_tx_ch4_amp_s2[2],0,
429,TX,i_bias_tx_ch4_amp_s2[3],1,
430,TX,i_bias_tx_ch4_amp_s2[4],0,
431,TX,i_bias_tx_ch4_amp_s2[5],0,
432,TX,i_bias_tx_ch4_amp_s3[0],0,
433,TX,i_bias_tx_ch4_amp_s3[1],1,
434,TX,i_bias_tx_ch4_amp_s3[2],0,
435,TX,i_bias_tx_ch4_amp_s3[3],1,
436,TX,i_bias_tx_ch4_amp_s3[4],0,
437,TX,i_bias_tx_ch4_amp_s3[5],0,
438,TX,i_bias_tx_ch4_ps[0],0,
439,TX,i_bias_tx_ch4_ps[1],0,
440,TX,i_bias_tx_ch4_ps[2],1,
441,TX,i_bias_tx_ch4_ps[3],1,
442,TX,i_bias_tx_ch4_ps[4],0,
443,TX,i_bias_tx_ch4_ps[5],0,
444,TX,i_bias_tx_split2_ch2_amp_s2[0],0,
445,TX,i_bias_tx_split2_ch2_amp_s2[1],0,
446,TX,i_bias_tx_split2_ch2_amp_s2[2],1,
447,TX,i_bias_tx_split2_ch2_amp_s2[3],1,
448,TX,i_bias_tx_split2_ch2_amp_s2[4],0,
449,TX,i_bias_tx_split2_ch2_amp_s2[5],0,
450,TX,i_bias_tx_split2_ch2_amp_s1[0],0,
451,TX,i_bias_tx_split2_ch2_amp_s1[1],0,
452,TX,i_bias_tx_split2_ch2_amp_s1[2],1,
453,TX,i_bias_tx_split2_ch2_amp_s1[3],1,
454,TX,i_bias_tx_split2_ch2_amp_s1[4],0,
455,TX,i_bias_tx_split2_ch2_amp_s1[5],0,
456,TX,i_bias_tx_split2_ch1_amp_s1[0],0,
457,TX,i_bias_tx_split2_ch1_amp_s1[1],0,
458,TX,i_bias_tx_split2_ch1_amp_s1[2],1,
459,TX,i_bias_tx_split2_ch1_amp_s1[3],1,
460,TX,i_bias_tx_split2_ch1_amp_s1[4],0,
461,TX,i_bias_tx_split2_ch1_amp_s1[5],0,
462,TX,i_bias_tx_split2_ch1_amp_s2[0],0,
463,TX,i_bias_tx_split2_ch1_amp_s2[1],0,
464,TX,i_bias_tx_split2_ch1_amp_s2[2],1,
465,TX,i_bias_tx_split2_ch1_amp_s2[3],1,
466,TX,i_bias_tx_split2_ch1_amp_s2[4],0,
467,TX,i_bias_tx_split2_ch1_amp_s2[5],0,
468,TX,i_bias_tx_split2_ch4_amp_s2[0],0,
469,TX,i_bias_tx_split2_ch4_amp_s2[1],0,
470,TX,i_bias_tx_split2_ch4_amp_s2[2],1,
471,TX,i_bias_tx_split2_ch4_amp_s2[3],1,
472,TX,i_bias_tx_split2_ch4_amp_s2[4],0,
473,TX,i_bias_tx_split2_ch4_amp_s2[5],0,
474,TX,i_bias_tx_split2_ch4_amp_s1[0],0,
475,TX,i_bias_tx_split2_ch4_amp_s1[1],0,
476,TX,i_bias_tx_split2_ch4_amp_s1[2],1,
477,TX,i_bias_tx_split2_ch4_amp_s1[3],1,
478,TX,i_bias_tx_split2_ch4_amp_s1[4],0,
479,TX,i_bias_tx_split2_ch4_amp_s1[5],0,
480,TX,i_bias_tx_split2_ch3_amp_s1[0],0,
481,TX,i_bias_tx_split2_ch3_amp_s1[1],0,
482,TX,i_bias_tx_split2_ch3_amp_s1[2],1,
483,TX,i_bias_tx_split2_ch3_amp_s1[3],1,
484,TX,i_bias_tx_split2_ch3_amp_s1[4],0,
485,TX,i_bias_tx_split2_ch3_amp_s1[5],0,
486,TX,i_bias_tx_split2_ch3_amp_s2[0],0,
487,TX,i_bias_tx_split2_ch3_amp_s2[1],0,
488,TX,i_bias_tx_split2_ch3_amp_s2[2],1,
489,TX,i_bias_tx_split2_ch3_amp_s2[3],1,
490,TX,i_bias_tx_split2_ch3_amp_s2[4],0,
491,TX,i_bias_tx_split2_ch3_amp_s2[5],0,
492,TX,i_bias_tx_split1_amp_s1[0],0,
493,TX,i_bias_tx_split1_amp_s1[1],0,
494,TX,i_bias_tx_split1_amp_s1[2],1,
495,TX,i_bias_tx_split1_amp_s1[3],1,
496,TX,i_bias_tx_split1_amp_s1[4],0,
497,TX,i_bias_tx_split1_amp_s1[5],0,
498,TX,i_bias_tx_split1_amp_s2[0],0,
499,TX,i_bias_tx_split1_amp_s2[1],0,
500,TX,i_bias_tx_split1_amp_s2[2],1,
501,TX,i_bias_tx_split1_amp_s2[3],1,
502,TX,i_bias_tx_split1_amp_s2[4],0,
503,TX,i_bias_tx_split1_amp_s2[5],0,
504,TX,i_bias_tx_comm_amp_s1[0],0,
505,TX,i_bias_tx_comm_amp_s1[1],0,
506,TX,i_bias_tx_comm_amp_s1[2],1,
507,TX,i_bias_tx_comm_amp_s1[3],1,
508,TX,i_bias_tx_comm_amp_s1[4],0,
509,TX,i_bias_tx_comm_amp_s1[5],0,
510,TX,i_bias_tx_comm_amp_s2[0],0,
511,TX,i_bias_tx_comm_amp_s2[1],0,
512,TX,i_bias_tx_comm_amp_s2[2],1,
513,TX,i_bias_tx_comm_amp_s2[3],1,
514,TX,i_bias_tx_comm_amp_s2[4],0,
515,TX,i_bias_tx_comm_amp_s2[5],0,
516,TX,i_bias_tx_comm_amp_s3[0],0,
517,TX,i_bias_tx_comm_amp_s3[1],0,
518,TX,i_bias_tx_comm_amp_s3[2],1,
519,TX,i_bias_tx_comm_amp_s3[3],1,
520,TX,i_bias_tx_comm_amp_s3[4],0,
521,TX,i_bias_tx_comm_amp_s3[5],0,
522,TX,tx_padding[0],0,
523,TX,tx_padding[1],0,
524,TX,tx_padding[2],0,
525,TX,tx_padding[3],0,
526,TX,tx_padding[4],0,
527,TX,tx_padding[5],0,
528,TX,tx_padding[6],0,
529,TX,tx_padding[7],0,
530,TX,tx_padding[8],0,
531,TX,tx_padding[9],0,
532,TX,tx_padding[10],0,
533,TX,tx_padding[11],0,
534,TX,tx_padding[12],0,
535,TX,tx_padding[13],0,
536,TX,tx_padding[14],0,
537,TX,tx_padding[15],0,
538,TX,tx_padding[16],0,
539,TX,tx_padding[17],0,
540,Padding,extra_padding[0],0,
541,Padding,extra_padding[1],0,
542,Padding,extra_padding[2],0,
543,Padding,extra_padding[3],0,
544,Padding,extra_padding[4],0,
545,Padding,extra_padding[5],0,
546,Padding,extra_padding[6],0,
547,Padding,extra_padding[7],0,
548,Padding,extra_padding[8],0,
549,Padding,extra_padding[9],0,
550,Padding,extra_padding[10],0,
551,Padding,extra_padding[11],0,
552,Padding,extra_padding[12],0,
553,Padding,extra_padding[13],0,
554,Padding,extra_padding[14],0,
555,Padding,extra_padding[15],0,
556,Padding,extra_padding[16],0,
557,Padding,extra_padding[17],0,
558,Padding,extra_padding[18],0,
559,Padding,extra_padding[19],0,
560,Padding,extra_padding[20],0,
561,Padding,extra_padding[21],0,
562,Padding,extra_padding[22],0,
563,Padding,extra_padding[23],0,
564,Padding,extra_padding[24],0,
565,Padding,extra_padding[25],0,
566,Padding,extra_padding[26],0,
567,Padding,extra_padding[27],0,
568,Padding,extra_padding[28],0,
569,Padding,extra_padding[29],0,
570,Padding,extra_padding[30],0,
571,Padding,extra_padding[31],0,
572,Padding,extra_padding[32],0,
573,Padding,extra_padding[33],0,
574,Padding,extra_padding[34],0,
575,Padding,extra_padding[35],0,
576,Padding,extra_padding[36],0,
577,Padding,extra_padding[37],0,
578,Padding,extra_padding[38],0,
579,Padding,extra_padding[39],0,
580,Padding,extra_padding[40],0,
581,Padding,extra_padding[41],0,
582,Padding,extra_padding[42],0,
583,Padding,extra_padding[43],0,
584,Padding,extra_padding[44],0,
585,Padding,extra_padding[45],0,
586,Padding,extra_padding[46],0,
587,Padding,extra_padding[47],0,
588,Padding,extra_padding[48],0,
589,Padding,extra_padding[49],0,
590,Padding,extra_padding[50],0,
591,Padding,extra_padding[51],0,
592,Padding,extra_padding[52],0,
593,Padding,extra_padding[53],0,
594,Padding,extra_padding[54],0,
595,Padding,extra_padding[55],0,
596,Padding,extra_padding[56],0,
597,Padding,extra_padding[57],0,
598,Padding,extra_padding[58],0,
599,Padding,extra_padding[59],0,
600,Padding,extra_padding[60],0,
601,Padding,extra_padding[61],0,
602,Padding,extra_padding[62],0,
603,Padding,extra_padding[63],0,
604,Padding,extra_padding[64],0,
605,Padding,extra_padding[65],0,
606,Padding,extra_padding[66],0,
607,Padding,extra_padding[67],0,
608,Padding,extra_padding[68],0,
609,Padding,extra_padding[69],0,
610,Padding,extra_padding[70],0,
611,Padding,extra_padding[71],0,
612,Padding,extra_padding[72],0,
613,Padding,extra_padding[73],0,
614,Padding,extra_padding[74],0,
615,Padding,extra_padding[75],0,
616,Padding,extra_padding[76],0,
617,Padding,extra_padding[77],0,
618,Padding,extra_padding[78],0,
619,Padding,extra_padding[79],0,
620,Padding,extra_padding[80],0,
621,Padding,extra_padding[81],0,
622,Padding,extra_padding[82],0,
623,Padding,extra_padding[83],0,
624,Padding,extra_padding[84],0,
625,Padding,extra_padding[85],0,
626,Padding,extra_padding[86],0,
627,Padding,extra_padding[87],0,
628,Padding,extra_padding[88],0,
629,Padding,extra_padding[89],0,
630,Padding,extra_padding[90],0,
631,Padding,extra_padding[91],0,
632,Padding,extra_padding[92],0,
633,Padding,extra_padding[93],0,
634,Padding,extra_padding[94],0,
635,Padding,extra_padding[95],0,
636,Padding,extra_padding[96],0,
637,Padding,extra_padding[97],0,
638,Padding,extra_padding[98],0,
639,Padding,extra_padding[99],0,
