Scan_Index,Domain,Bit_Name,Bit,Comment
639,Padding,extra_padding[99],0,
638,Padding,extra_padding[98],0,
637,Padding,extra_padding[97],0,
636,Padding,extra_padding[96],0,
635,Padding,extra_padding[95],0,
634,Padding,extra_padding[94],0,
633,Padding,extra_padding[93],0,
632,Padding,extra_padding[92],0,
631,Padding,extra_padding[91],0,
630,Padding,extra_padding[90],0,
629,Padding,extra_padding[89],0,
628,Padding,extra_padding[88],0,
627,Padding,extra_padding[87],0,
626,Padding,extra_padding[86],0,
625,Padding,extra_padding[85],0,
624,Padding,extra_padding[84],0,
623,Padding,extra_padding[83],0,
622,Padding,extra_padding[82],0,
621,Padding,extra_padding[81],0,
620,Padding,extra_padding[80],0,
619,Padding,extra_padding[79],0,
618,Padding,extra_padding[78],0,
617,Padding,extra_padding[77],0,
616,Padding,extra_padding[76],0,
615,Padding,extra_padding[75],0,
614,Padding,extra_padding[74],0,
613,Padding,extra_padding[73],0,
612,Padding,extra_padding[72],0,
611,Padding,extra_padding[71],0,
610,Padding,extra_padding[70],0,
609,Padding,extra_padding[69],0,
608,Padding,extra_padding[68],0,
607,Padding,extra_padding[67],0,
606,Padding,extra_padding[66],0,
605,Padding,extra_padding[65],0,
604,Padding,extra_padding[64],0,
603,Padding,extra_padding[63],0,
602,Padding,extra_padding[62],0,
601,Padding,extra_padding[61],0,
600,Padding,extra_padding[60],0,
599,Padding,extra_padding[59],0,
598,Padding,extra_padding[58],0,
597,Padding,extra_padding[57],0,
596,Padding,extra_padding[56],0,
595,Padding,extra_padding[55],0,
594,Padding,extra_padding[54],0,
593,Padding,extra_padding[53],0,
592,Padding,extra_padding[52],0,
591,Padding,extra_padding[51],0,
590,Padding,extra_padding[50],0,
589,Padding,extra_padding[49],0,
588,Padding,extra_padding[48],0,
587,Padding,extra_padding[47],0,
586,Padding,extra_padding[46],0,
585,Padding,extra_padding[45],0,
584,Padding,extra_padding[44],0,
583,Padding,extra_padding[43],0,
582,Padding,extra_padding[42],0,
581,Padding,extra_padding[41],0,
580,Padding,extra_padding[40],0,
579,Padding,extra_padding[39],0,
578,Padding,extra_padding[38],0,
577,Padding,extra_padding[37],0,
576,Padding,extra_padding[36],0,
575,Padding,extra_padding[35],0,
574,Padding,extra_padding[34],0,
573,Padding,extra_padding[33],0,
572,Padding,extra_padding[32],0,
571,Padding,extra_padding[31],0,
570,Padding,extra_padding[30],0,
569,Padding,extra_padding[29],0,
568,Padding,extra_padding[28],0,
567,Padding,extra_padding[27],0,
566,Padding,extra_padding[26],0,
565,Padding,extra_padding[25],0,
564,Padding,extra_padding[24],0,
563,Padding,extra_padding[23],0,
562,Padding,extra_padding[22],0,
561,Padding,extra_padding[21],0,
560,Padding,extra_padding[20],0,
559,Padding,extra_padding[19],0,
558,Padding,extra_padding[18],0,
557,Padding,extra_padding[17],0,
556,Padding,extra_padding[16],0,
555,Padding,extra_padding[15],0,
554,Padding,extra_padding[14],0,
553,Padding,extra_padding[13],0,
552,Padding,extra_padding[12],0,
551,Padding,extra_padding[11],0,
550,Padding,extra_padding[10],0,
549,Padding,extra_padding[9],0,
548,Padding,extra_padding[8],0,
547,Padding,extra_padding[7],0,
546,Padding,extra_padding[6],0,
545,Padding,extra_padding[5],0,
544,Padding,extra_padding[4],0,
543,Padding,extra_padding[3],0,
542,Padding,extra_padding[2],0,
541,Padding,extra_padding[1],0,
540,Padding,extra_padding[0],0,
539,TX,tx_padding[17],0,
538,TX,tx_padding[16],0,
537,TX,tx_padding[15],0,
536,TX,tx_padding[14],0,
535,TX,tx_padding[13],0,
534,TX,tx_padding[12],0,
533,TX,tx_padding[11],0,
532,TX,tx_padding[10],0,
531,TX,tx_padding[9],0,
530,TX,tx_padding[8],0,
529,TX,tx_padding[7],0,
528,TX,tx_padding[6],0,
527,TX,tx_padding[5],0,
526,TX,tx_padding[4],0,
525,TX,tx_padding[3],0,
524,TX,tx_padding[2],0,
523,TX,tx_padding[1],0,
522,TX,tx_padding[0],0,
521,TX,i_bias_tx_comm_amp_s3[5],0,
520,TX,i_bias_tx_comm_amp_s3[4],0,
519,TX,i_bias_tx_comm_amp_s3[3],1,
518,TX,i_bias_tx_comm_amp_s3[2],1,
517,TX,i_bias_tx_comm_amp_s3[1],0,
516,TX,i_bias_tx_comm_amp_s3[0],0,
515,TX,i_bias_tx_comm_amp_s2[5],0,
514,TX,i_bias_tx_comm_amp_s2[4],0,
513,TX,i_bias_tx_comm_amp_s2[3],1,
512,TX,i_bias_tx_comm_amp_s2[2],1,
511,TX,i_bias_tx_comm_amp_s2[1],0,
510,TX,i_bias_tx_comm_amp_s2[0],0,
509,TX,i_bias_tx_comm_amp_s1[5],0,
508,TX,i_bias_tx_comm_amp_s1[4],0,
507,TX,i_bias_tx_comm_amp_s1[3],1,
506,TX,i_bias_tx_comm_amp_s1[2],1,
505,TX,i_bias_tx_comm_amp_s1[1],0,
504,TX,i_bias_tx_comm_amp_s1[0],0,
503,TX,i_bias_tx_split1_amp_s2[5],0,
502,TX,i_bias_tx_split1_amp_s2[4],0,
501,TX,i_bias_tx_split1_amp_s2[3],1,
500,TX,i_bias_tx_split1_amp_s2[2],1,
499,TX,i_bias_tx_split1_amp_s2[1],0,
498,TX,i_bias_tx_split1_amp_s2[0],0,
497,TX,i_bias_tx_split1_amp_s1[5],0,
496,TX,i_bias_tx_split1_amp_s1[4],0,
495,TX,i_bias_tx_split1_amp_s1[3],1,
494,TX,i_bias_tx_split1_amp_s1[2],1,
493,TX,i_bias_tx_split1_amp_s1[1],0,
492,TX,i_bias_tx_split1_amp_s1[0],0,
491,TX,i_bias_tx_split2_ch3_amp_s2[5],0,
490,TX,i_bias_tx_split2_ch3_amp_s2[4],0,
489,TX,i_bias_tx_split2_ch3_amp_s2[3],1,
488,TX,i_bias_tx_split2_ch3_amp_s2[2],1,
487,TX,i_bias_tx_split2_ch3_amp_s2[1],0,
486,TX,i_bias_tx_split2_ch3_amp_s2[0],0,
485,TX,i_bias_tx_split2_ch3_amp_s1[5],0,
484,TX,i_bias_tx_split2_ch3_amp_s1[4],0,
483,TX,i_bias_tx_split2_ch3_amp_s1[3],1,
482,TX,i_bias_tx_split2_ch3_amp_s1[2],1,
481,TX,i_bias_tx_split2_ch3_amp_s1[1],0,
480,TX,i_bias_tx_split2_ch3_amp_s1[0],0,
479,TX,i_bias_tx_split2_ch4_amp_s1[5],0,
478,TX,i_bias_tx_split2_ch4_amp_s1[4],0,
477,TX,i_bias_tx_split2_ch4_amp_s1[3],1,
476,TX,i_bias_tx_split2_ch4_amp_s1[2],1,
475,TX,i_bias_tx_split2_ch4_amp_s1[1],0,
474,TX,i_bias_tx_split2_ch4_amp_s1[0],0,
473,TX,i_bias_tx_split2_ch4_amp_s2[5],0,
472,TX,i_bias_tx_split2_ch4_amp_s2[4],0,
471,TX,i_bias_tx_split2_ch4_amp_s2[3],1,
470,TX,i_bias_tx_split2_ch4_amp_s2[2],1,
469,TX,i_bias_tx_split2_ch4_amp_s2[1],0,
468,TX,i_bias_tx_split2_ch4_amp_s2[0],0,
467,TX,i_bias_tx_split2_ch1_amp_s2[5],0,
466,TX,i_bias_tx_split2_ch1_amp_s2[4],0,
465,TX,i_bias_tx_split2_ch1_amp_s2[3],1,
464,TX,i_bias_tx_split2_ch1_amp_s2[2],1,
463,TX,i_bias_tx_split2_ch1_amp_s2[1],0,
462,TX,i_bias_tx_split2_ch1_amp_s2[0],0,
461,TX,i_bias_tx_split2_ch1_amp_s1[5],0,
460,TX,i_bias_tx_split2_ch1_amp_s1[4],0,
459,TX,i_bias_tx_split2_ch1_amp_s1[3],1,
458,TX,i_bias_tx_split2_ch1_amp_s1[2],1,
457,TX,i_bias_tx_split2_ch1_amp_s1[1],0,
456,TX,i_bias_tx_split2_ch1_amp_s1[0],0,
455,TX,i_bias_tx_split2_ch2_amp_s1[5],0,
454,TX,i_bias_tx_split2_ch2_amp_s1[4],0,
453,TX,i_bias_tx_split2_ch2_amp_s1[3],1,
452,TX,i_bias_tx_split2_ch2_amp_s1[2],1,
451,TX,i_bias_tx_split2_ch2_amp_s1[1],0,
450,TX,i_bias_tx_split2_ch2_amp_s1[0],0,
449,TX,i_bias_tx_split2_ch2_amp_s2[5],0,
448,TX,i_bias_tx_split2_ch2_amp_s2[4],0,
447,TX,i_bias_tx_split2_ch2_amp_s2[3],1,
446,TX,i_bias_tx_split2_ch2_amp_s2[2],1,
445,TX,i_bias_tx_split2_ch2_amp_s2[1],0,
444,TX,i_bias_tx_split2_ch2_amp_s2[0],0,
443,TX,i_bias_tx_ch4_ps[5],0,
442,TX,i_bias_tx_ch4_ps[4],0,
441,TX,i_bias_tx_ch4_ps[3],1,
440,TX,i_bias_tx_ch4_ps[2],1,
439,TX,i_bias_tx_ch4_ps[1],0,
438,TX,i_bias_tx_ch4_ps[0],0,
437,TX,i_bias_tx_ch4_amp_s3[5],0,
436,TX,i_bias_tx_ch4_amp_s3[4],0,
435,TX,i_bias_tx_ch4_amp_s3[3],1,
434,TX,i_bias_tx_ch4_amp_s3[2],0,
433,TX,i_bias_tx_ch4_amp_s3[1],1,
432,TX,i_bias_tx_ch4_amp_s3[0],0,
431,TX,i_bias_tx_ch4_amp_s2[5],0,
430,TX,i_bias_tx_ch4_amp_s2[4],0,
429,TX,i_bias_tx_ch4_amp_s2[3],1,
428,TX,i_bias_tx_ch4_amp_s2[2],0,
427,TX,i_bias_tx_ch4_amp_s2[1],1,
426,TX,i_bias_tx_ch4_amp_s2[0],0,
425,TX,i_bias_tx_ch4_amp_s1[5],0,
424,TX,i_bias_tx_ch4_amp_s1[4],0,
423,TX,i_bias_tx_ch4_amp_s1[3],1,
422,TX,i_bias_tx_ch4_amp_s1[2],1,
421,TX,i_bias_tx_ch4_amp_s1[1],0,
420,TX,i_bias_tx_ch4_amp_s1[0],0,
419,TX,cntr_tx_ch4_ps_i_n[2],0,
418,TX,cntr_tx_ch4_ps_i_n[1],0,
417,TX,cntr_tx_ch4_ps_i_n[0],0,
416,TX,cntr_tx_ch4_ps_i_p[2],1,
415,TX,cntr_tx_ch4_ps_i_p[1],1,
414,TX,cntr_tx_ch4_ps_i_p[0],1,
413,TX,cntr_tx_ch4_ps_q_n[2],0,
412,TX,cntr_tx_ch4_ps_q_n[1],0,
411,TX,cntr_tx_ch4_ps_q_n[0],0,
410,TX,cntr_tx_ch4_ps_q_p[2],0,
409,TX,cntr_tx_ch4_ps_q_p[1],0,
408,TX,cntr_tx_ch4_ps_q_p[0],0,
407,TX,i_bias_tx_ch3_ps[5],0,
406,TX,i_bias_tx_ch3_ps[4],0,
405,TX,i_bias_tx_ch3_ps[3],1,
404,TX,i_bias_tx_ch3_ps[2],1,
403,TX,i_bias_tx_ch3_ps[1],0,
402,TX,i_bias_tx_ch3_ps[0],0,
401,TX,i_bias_tx_ch3_amp_s3[5],0,
400,TX,i_bias_tx_ch3_amp_s3[4],0,
399,TX,i_bias_tx_ch3_amp_s3[3],1,
398,TX,i_bias_tx_ch3_amp_s3[2],0,
397,TX,i_bias_tx_ch3_amp_s3[1],1,
396,TX,i_bias_tx_ch3_amp_s3[0],0,
395,TX,i_bias_tx_ch3_amp_s2[5],0,
394,TX,i_bias_tx_ch3_amp_s2[4],0,
393,TX,i_bias_tx_ch3_amp_s2[3],1,
392,TX,i_bias_tx_ch3_amp_s2[2],0,
391,TX,i_bias_tx_ch3_amp_s2[1],1,
390,TX,i_bias_tx_ch3_amp_s2[0],0,
389,TX,i_bias_tx_ch3_amp_s1[5],0,
388,TX,i_bias_tx_ch3_amp_s1[4],0,
387,TX,i_bias_tx_ch3_amp_s1[3],1,
386,TX,i_bias_tx_ch3_amp_s1[2],1,
385,TX,i_bias_tx_ch3_amp_s1[1],0,
384,TX,i_bias_tx_ch3_amp_s1[0],0,
383,TX,cntr_tx_ch3_ps_i_n[2],0,
382,TX,cntr_tx_ch3_ps_i_n[1],0,
381,TX,cntr_tx_ch3_ps_i_n[0],0,
380,TX,cntr_tx_ch3_ps_i_p[2],1,
379,TX,cntr_tx_ch3_ps_i_p[1],1,
378,TX,cntr_tx_ch3_ps_i_p[0],1,
377,TX,cntr_tx_ch3_ps_q_n[2],0,
376,TX,cntr_tx_ch3_ps_q_n[1],0,
375,TX,cntr_tx_ch3_ps_q_n[0],0,
374,TX,cntr_tx_ch3_ps_q_p[2],0,
373,TX,cntr_tx_ch3_ps_q_p[1],0,
372,TX,cntr_tx_ch3_ps_q_p[0],0,
371,TX,i_bias_tx_ch2_ps[5],0,
370,TX,i_bias_tx_ch2_ps[4],0,
369,TX,i_bias_tx_ch2_ps[3],1,
368,TX,i_bias_tx_ch2_ps[2],1,
367,TX,i_bias_tx_ch2_ps[1],0,
366,TX,i_bias_tx_ch2_ps[0],0,
365,TX,i_bias_tx_ch2_amp_s3[5],0,
364,TX,i_bias_tx_ch2_amp_s3[4],0,
363,TX,i_bias_tx_ch2_amp_s3[3],1,
362,TX,i_bias_tx_ch2_amp_s3[2],0,
361,TX,i_bias_tx_ch2_amp_s3[1],1,
360,TX,i_bias_tx_ch2_amp_s3[0],0,
359,TX,i_bias_tx_ch2_amp_s2[5],0,
358,TX,i_bias_tx_ch2_amp_s2[4],0,
357,TX,i_bias_tx_ch2_amp_s2[3],1,
356,TX,i_bias_tx_ch2_amp_s2[2],0,
355,TX,i_bias_tx_ch2_amp_s2[1],1,
354,TX,i_bias_tx_ch2_amp_s2[0],0,
353,TX,i_bias_tx_ch2_amp_s1[5],0,
352,TX,i_bias_tx_ch2_amp_s1[4],0,
351,TX,i_bias_tx_ch2_amp_s1[3],1,
350,TX,i_bias_tx_ch2_amp_s1[2],1,
349,TX,i_bias_tx_ch2_amp_s1[1],0,
348,TX,i_bias_tx_ch2_amp_s1[0],0,
347,TX,cntr_tx_ch2_ps_i_n[2],0,
346,TX,cntr_tx_ch2_ps_i_n[1],0,
345,TX,cntr_tx_ch2_ps_i_n[0],0,
344,TX,cntr_tx_ch2_ps_i_p[2],1,
343,TX,cntr_tx_ch2_ps_i_p[1],1,
342,TX,cntr_tx_ch2_ps_i_p[0],1,
341,TX,cntr_tx_ch2_ps_q_n[2],0,
340,TX,cntr_tx_ch2_ps_q_n[1],0,
339,TX,cntr_tx_ch2_ps_q_n[0],0,
338,TX,cntr_tx_ch2_ps_q_p[2],0,
337,TX,cntr_tx_ch2_ps_q_p[1],0,
336,TX,cntr_tx_ch2_ps_q_p[0],0,
335,TX,i_bias_tx_ch1_ps[5],0,
334,TX,i_bias_tx_ch1_ps[4],0,
333,TX,i_bias_tx_ch1_ps[3],1,
332,TX,i_bias_tx_ch1_ps[2],1,
331,TX,i_bias_tx_ch1_ps[1],0,
330,TX,i_bias_tx_ch1_ps[0],0,
329,TX,i_bias_tx_ch1_pa_s3[5],0,
328,TX,i_bias_tx_ch1_pa_s3[4],0,
327,TX,i_bias_tx_ch1_pa_s3[3],1,
326,TX,i_bias_tx_ch1_pa_s3[2],0,
325,TX,i_bias_tx_ch1_pa_s3[1],1,
324,TX,i_bias_tx_ch1_pa_s3[0],0,
323,TX,i_bias_tx_ch1_pa_s2[5],0,
322,TX,i_bias_tx_ch1_pa_s2[4],0,
321,TX,i_bias_tx_ch1_pa_s2[3],1,
320,TX,i_bias_tx_ch1_pa_s2[2],0,
319,TX,i_bias_tx_ch1_pa_s2[1],1,
318,TX,i_bias_tx_ch1_pa_s2[0],0,
317,TX,i_bias_tx_ch1_pa_s1[5],0,
316,TX,i_bias_tx_ch1_pa_s1[4],0,
315,TX,i_bias_tx_ch1_pa_s1[3],1,
314,TX,i_bias_tx_ch1_pa_s1[2],1,
313,TX,i_bias_tx_ch1_pa_s1[1],0,
312,TX,i_bias_tx_ch1_pa_s1[0],0,
311,TX,cntr_tx_ch1_ps_i_n[2],0,
310,TX,cntr_tx_ch1_ps_i_n[1],0,
309,TX,cntr_tx_ch1_ps_i_n[0],0,
308,TX,cntr_tx_ch1_ps_i_p[2],1,
307,TX,cntr_tx_ch1_ps_i_p[1],1,
306,TX,cntr_tx_ch1_ps_i_p[0],1,
305,TX,cntr_tx_ch1_ps_q_n[2],0,
304,TX,cntr_tx_ch1_ps_q_n[1],0,
303,TX,cntr_tx_ch1_ps_q_n[0],0,
302,TX,cntr_tx_ch1_ps_q_p[2],0,
301,TX,cntr_tx_ch1_ps_q_p[1],0,
300,TX,cntr_tx_ch1_ps_q_p[0],0,
299,RX,rx_padding[29],0,
298,RX,rx_padding[28],0,
297,RX,rx_padding[27],0,
296,RX,rx_padding[26],0,
295,RX,rx_padding[25],0,
294,RX,rx_padding[24],0,
293,RX,rx_padding[23],0,
292,RX,rx_padding[22],0,
291,RX,rx_padding[21],0,
290,RX,rx_padding[20],0,
289,RX,rx_padding[19],0,
288,RX,rx_padding[18],0,
287,RX,rx_padding[17],0,
286,RX,rx_padding[16],0,
285,RX,rx_padding[15],0,
284,RX,rx_padding[14],0,
283,RX,rx_padding[13],0,
282,RX,rx_padding[12],0,
281,RX,rx_padding[11],0,
280,RX,rx_padding[10],0,
279,RX,rx_padding[9],0,
278,RX,rx_padding[8],0,
277,RX,rx_padding[7],0,
276,RX,rx_padding[6],0,
275,RX,rx_padding[5],0,
274,RX,rx_padding[4],0,
273,RX,rx_padding[3],0,
272,RX,rx_padding[2],0,
271,RX,rx_padding[1],0,
270,RX,rx_padding[0],0,
269,RX,i_bias_rx_comm_amp_s3[5],0,
268,RX,i_bias_rx_comm_amp_s3[4],0,
267,RX,i_bias_rx_comm_amp_s3[3],1,
266,RX,i_bias_rx_comm_amp_s3[2],1,
265,RX,i_bias_rx_comm_amp_s3[1],0,
264,RX,i_bias_rx_comm_amp_s3[0],0,
263,RX,i_bias_rx_comm_amp_s2[5],0,
262,RX,i_bias_rx_comm_amp_s2[4],0,
261,RX,i_bias_rx_comm_amp_s2[3],1,
260,RX,i_bias_rx_comm_amp_s2[2],1,
259,RX,i_bias_rx_comm_amp_s2[1],0,
258,RX,i_bias_rx_comm_amp_s2[0],0,
257,RX,i_bias_rx_comm_amp_s1[5],0,
256,RX,i_bias_rx_comm_amp_s1[4],0,
255,RX,i_bias_rx_comm_amp_s1[3],1,
254,RX,i_bias_rx_comm_amp_s1[2],1,
253,RX,i_bias_rx_comm_amp_s1[1],0,
252,RX,i_bias_rx_comm_amp_s1[0],0,
251,RX,i_bias_rx_ch4_ps[5],0,
250,RX,i_bias_rx_ch4_ps[4],0,
249,RX,i_bias_rx_ch4_ps[3],1,
248,RX,i_bias_rx_ch4_ps[2],1,
247,RX,i_bias_rx_ch4_ps[1],0,
246,RX,i_bias_rx_ch4_ps[0],0,
245,RX,i_bias_rx_ch4_amp_s4[5],0,
244,RX,i_bias_rx_ch4_amp_s4[4],0,
243,RX,i_bias_rx_ch4_amp_s4[3],1,
242,RX,i_bias_rx_ch4_amp_s4[2],1,
241,RX,i_bias_rx_ch4_amp_s4[1],0,
240,RX,i_bias_rx_ch4_amp_s4[0],0,
239,RX,i_bias_rx_ch4_amp_s3[5],0,
238,RX,i_bias_rx_ch4_amp_s3[4],0,
237,RX,i_bias_rx_ch4_amp_s3[3],1,
236,RX,i_bias_rx_ch4_amp_s3[2],1,
235,RX,i_bias_rx_ch4_amp_s3[1],0,
234,RX,i_bias_rx_ch4_amp_s3[0],0,
233,RX,i_bias_rx_ch4_amp_s2[5],0,
232,RX,i_bias_rx_ch4_amp_s2[4],0,
231,RX,i_bias_rx_ch4_amp_s2[3],1,
230,RX,i_bias_rx_ch4_amp_s2[2],1,
229,RX,i_bias_rx_ch4_amp_s2[1],0,
228,RX,i_bias_rx_ch4_amp_s2[0],0,
227,RX,i_bias_rx_ch4_amp_s1_cs[5],0,
226,RX,i_bias_rx_ch4_amp_s1_cs[4],0,
225,RX,i_bias_rx_ch4_amp_s1_cs[3],1,
224,RX,i_bias_rx_ch4_amp_s1_cs[2],0,
223,RX,i_bias_rx_ch4_amp_s1_cs[1],0,
222,RX,i_bias_rx_ch4_amp_s1_cs[0],0,
221,RX,i_bias_rx_ch4_amp_s1_cg[5],0,
220,RX,i_bias_rx_ch4_amp_s1_cg[4],0,
219,RX,i_bias_rx_ch4_amp_s1_cg[3],1,
218,RX,i_bias_rx_ch4_amp_s1_cg[2],0,
217,RX,i_bias_rx_ch4_amp_s1_cg[1],0,
216,RX,i_bias_rx_ch4_amp_s1_cg[0],0,
215,RX,cntr_rx_ch4_ps_i_n[2],0,
214,RX,cntr_rx_ch4_ps_i_n[1],0,
213,RX,cntr_rx_ch4_ps_i_n[0],0,
212,RX,cntr_rx_ch4_ps_i_p[2],1,
211,RX,cntr_rx_ch4_ps_i_p[1],1,
210,RX,cntr_rx_ch4_ps_i_p[0],1,
209,RX,cntr_rx_ch4_ps_q_n[2],0,
208,RX,cntr_rx_ch4_ps_q_n[1],0,
207,RX,cntr_rx_ch4_ps_q_n[0],0,
206,RX,cntr_rx_ch4_ps_q_p[2],0,
205,RX,cntr_rx_ch4_ps_q_p[1],0,
204,RX,cntr_rx_ch4_ps_q_p[0],0,
203,RX,i_bias_rx_ch3_ps[5],0,
202,RX,i_bias_rx_ch3_ps[4],0,
201,RX,i_bias_rx_ch3_ps[3],1,
200,RX,i_bias_rx_ch3_ps[2],1,
199,RX,i_bias_rx_ch3_ps[1],0,
198,RX,i_bias_rx_ch3_ps[0],0,
197,RX,i_bias_rx_ch3_amp_s4[5],0,
196,RX,i_bias_rx_ch3_amp_s4[4],0,
195,RX,i_bias_rx_ch3_amp_s4[3],1,
194,RX,i_bias_rx_ch3_amp_s4[2],1,
193,RX,i_bias_rx_ch3_amp_s4[1],0,
192,RX,i_bias_rx_ch3_amp_s4[0],0,
191,RX,i_bias_rx_ch3_amp_s3[5],0,
190,RX,i_bias_rx_ch3_amp_s3[4],0,
189,RX,i_bias_rx_ch3_amp_s3[3],1,
188,RX,i_bias_rx_ch3_amp_s3[2],1,
187,RX,i_bias_rx_ch3_amp_s3[1],0,
186,RX,i_bias_rx_ch3_amp_s3[0],0,
185,RX,i_bias_rx_ch3_amp_s2[5],0,
184,RX,i_bias_rx_ch3_amp_s2[4],0,
183,RX,i_bias_rx_ch3_amp_s2[3],1,
182,RX,i_bias_rx_ch3_amp_s2[2],1,
181,RX,i_bias_rx_ch3_amp_s2[1],0,
180,RX,i_bias_rx_ch3_amp_s2[0],0,
179,RX,i_bias_rx_ch3_amp_s1_cs[5],0,
178,RX,i_bias_rx_ch3_amp_s1_cs[4],0,
177,RX,i_bias_rx_ch3_amp_s1_cs[3],1,
176,RX,i_bias_rx_ch3_amp_s1_cs[2],0,
175,RX,i_bias_rx_ch3_amp_s1_cs[1],0,
174,RX,i_bias_rx_ch3_amp_s1_cs[0],0,
173,RX,i_bias_rx_ch3_amp_s1_cg[5],0,
172,RX,i_bias_rx_ch3_amp_s1_cg[4],0,
171,RX,i_bias_rx_ch3_amp_s1_cg[3],1,
170,RX,i_bias_rx_ch3_amp_s1_cg[2],0,
169,RX,i_bias_rx_ch3_amp_s1_cg[1],0,
168,RX,i_bias_rx_ch3_amp_s1_cg[0],0,
167,RX,cntr_rx_ch3_ps_i_n[2],0,
166,RX,cntr_rx_ch3_ps_i_n[1],0,
165,RX,cntr_rx_ch3_ps_i_n[0],0,
164,RX,cntr_rx_ch3_ps_i_p[2],1,
163,RX,cntr_rx_ch3_ps_i_p[1],1,
162,RX,cntr_rx_ch3_ps_i_p[0],1,
161,RX,cntr_rx_ch3_ps_q_n[2],0,
160,RX,cntr_rx_ch3_ps_q_n[1],0,
159,RX,cntr_rx_ch3_ps_q_n[0],0,
158,RX,cntr_rx_ch3_ps_q_p[2],0,
157,RX,cntr_rx_ch3_ps_q_p[1],0,
156,RX,cntr_rx_ch3_ps_q_p[0],0,
155,RX,i_bias_rx_ch2_ps[5],0,
154,RX,i_bias_rx_ch2_ps[4],0,
153,RX,i_bias_rx_ch2_ps[3],1,
152,RX,i_bias_rx_ch2_ps[2],1,
151,RX,i_bias_rx_ch2_ps[1],0,
150,RX,i_bias_rx_ch2_ps[0],0,
149,RX,i_bias_rx_ch2_amp_s4[5],0,
148,RX,i_bias_rx_ch2_amp_s4[4],0,
147,RX,i_bias_rx_ch2_amp_s4[3],1,
146,RX,i_bias_rx_ch2_amp_s4[2],1,
145,RX,i_bias_rx_ch2_amp_s4[1],0,
144,RX,i_bias_rx_ch2_amp_s4[0],0,
143,RX,i_bias_rx_ch2_amp_s3[5],0,
142,RX,i_bias_rx_ch2_amp_s3[4],0,
141,RX,i_bias_rx_ch2_amp_s3[3],1,
140,RX,i_bias_rx_ch2_amp_s3[2],1,
139,RX,i_bias_rx_ch2_amp_s3[1],0,
138,RX,i_bias_rx_ch2_amp_s3[0],0,
137,RX,i_bias_rx_ch2_amp_s2[5],0,
136,RX,i_bias_rx_ch2_amp_s2[4],0,
135,RX,i_bias_rx_ch2_amp_s2[3],1,
134,RX,i_bias_rx_ch2_amp_s2[2],1,
133,RX,i_bias_rx_ch2_amp_s2[1],0,
132,RX,i_bias_rx_ch2_amp_s2[0],0,
131,RX,i_bias_rx_ch2_amp_s1_cs[5],0,
130,RX,i_bias_rx_ch2_amp_s1_cs[4],0,
129,RX,i_bias_rx_ch2_amp_s1_cs[3],1,
128,RX,i_bias_rx_ch2_amp_s1_cs[2],0,
127,RX,i_bias_rx_ch2_amp_s1_cs[1],0,
126,RX,i_bias_rx_ch2_amp_s1_cs[0],0,
125,RX,i_bias_rx_ch2_amp_s1_cg[5],0,
124,RX,i_bias_rx_ch2_amp_s1_cg[4],0,
123,RX,i_bias_rx_ch2_amp_s1_cg[3],1,
122,RX,i_bias_rx_ch2_amp_s1_cg[2],0,
121,RX,i_bias_rx_ch2_amp_s1_cg[1],0,
120,RX,i_bias_rx_ch2_amp_s1_cg[0],0,
119,RX,cntr_rx_ch2_ps_i_n[2],0,
118,RX,cntr_rx_ch2_ps_i_n[1],0,
117,RX,cntr_rx_ch2_ps_i_n[0],0,
116,RX,cntr_rx_ch2_ps_i_p[2],1,
115,RX,cntr_rx_ch2_ps_i_p[1],1,
114,RX,cntr_rx_ch2_ps_i_p[0],1,
113,RX,cntr_rx_ch2_ps_q_n[2],0,
112,RX,cntr_rx_ch2_ps_q_n[1],0,
111,RX,cntr_rx_ch2_ps_q_n[0],0,
110,RX,cntr_rx_ch2_ps_q_p[2],0,
109,RX,cntr_rx_ch2_ps_q_p[1],0,
108,RX,cntr_rx_ch2_ps_q_p[0],0,
107,RX,i_bias_rx_ch1_ps[5],0,
106,RX,i_bias_rx_ch1_ps[4],0,
105,RX,i_bias_rx_ch1_ps[3],1,
104,RX,i_bias_rx_ch1_ps[2],1,
103,RX,i_bias_rx_ch1_ps[1],0,
102,RX,i_bias_rx_ch1_ps[0],0,
101,RX,i_bias_rx_ch1_amp_s4[5],0,
100,RX,i_bias_rx_ch1_amp_s4[4],0,
99,RX,i_bias_rx_ch1_amp_s4[3],1,
98,RX,i_bias_rx_ch1_amp_s4[2],1,
97,RX,i_bias_rx_ch1_amp_s4[1],0,
96,RX,i_bias_rx_ch1_amp_s4[0],0,
95,RX,i_bias_rx_ch1_amp_s3[5],0,
94,RX,i_bias_rx_ch1_amp_s3[4],0,
93,RX,i_bias_rx_ch1_amp_s3[3],1,
92,RX,i_bias_rx_ch1_amp_s3[2],1,
91,RX,i_bias_rx_ch1_amp_s3[1],0,
90,RX,i_bias_rx_ch1_amp_s3[0],0,
89,RX,i_bias_rx_ch1_amp_s2[5],0,
88,RX,i_bias_rx_ch1_amp_s2[4],0,
87,RX,i_bias_rx_ch1_amp_s2[3],1,
86,RX,i_bias_rx_ch1_amp_s2[2],1,
85,RX,i_bias_rx_ch1_amp_s2[1],0,
84,RX,i_bias_rx_ch1_amp_s2[0],0,
83,RX,i_bias_rx_ch1_amp_s1_cs[5],0,
82,RX,i_bias_rx_ch1_amp_s1_cs[4],0,
81,RX,i_bias_rx_ch1_amp_s1_cs[3],1,
80,RX,i_bias_rx_ch1_amp_s1_cs[2],0,
79,RX,i_bias_rx_ch1_amp_s1_cs[1],0,
78,RX,i_bias_rx_ch1_amp_s1_cs[0],0,
77,RX,i_bias_rx_ch1_amp_s1_cg[5],0,
76,RX,i_bias_rx_ch1_amp_s1_cg[4],0,
75,RX,i_bias_rx_ch1_amp_s1_cg[3],1,
74,RX,i_bias_rx_ch1_amp_s1_cg[2],0,
73,RX,i_bias_rx_ch1_amp_s1_cg[1],0,
72,RX,i_bias_rx_ch1_amp_s1_cg[0],0,
71,RX,cntr_rx_ch1_ps_i_n[2],0,
70,RX,cntr_rx_ch1_ps_i_n[1],0,
69,RX,cntr_rx_ch1_ps_i_n[0],0,
68,RX,cntr_rx_ch1_ps_i_p[2],1,
67,RX,cntr_rx_ch1_ps_i_p[1],1,
66,RX,cntr_rx_ch1_ps_i_p[0],1,
65,RX,cntr_rx_ch1_ps_q_n[2],0,
64,RX,cntr_rx_ch1_ps_q_n[1],0,
63,RX,cntr_rx_ch1_ps_q_n[0],0,
62,RX,cntr_rx_ch1_ps_q_p[2],0,
61,RX,cntr_rx_ch1_ps_q_p[1],0,
60,RX,cntr_rx_ch1_ps_q_p[0],0,
59,LO,lo_padding[10],0,
58,LO,lo_padding[9],0,
57,LO,lo_padding[8],0,
56,LO,lo_padding[7],0,
55,LO,lo_padding[6],0,
54,LO,lo_padding[5],0,
53,LO,lo_padding[4],0,
52,LO,lo_padding[3],0,
51,LO,lo_padding[2],0,
50,LO,lo_padding[1],0,
49,LO,lo_padding[0],0,
48,LO,i_bias_dac_mixer_amp[5],0,
47,LO,i_bias_dac_mixer_amp[4],0,
46,LO,i_bias_dac_mixer_amp[3],0,
45,LO,i_bias_dac_mixer_amp[2],0,
44,LO,i_bias_dac_mixer_amp[1],1,
43,LO,i_bias_dac_mixer_amp[0],0,
42,LO,i_bias_lo_quad_28g[5],0,
41,LO,i_bias_lo_quad_28g[4],1,
40,LO,i_bias_lo_quad_28g[3],0,
39,LO,i_bias_lo_quad_28g[2],0,
38,LO,i_bias_lo_quad_28g[1],0,
37,LO,i_bias_lo_quad_28g[0],1,
36,LO,i_bias_lo_amp_28g[5],0,
35,LO,i_bias_lo_amp_28g[4],0,
34,LO,i_bias_lo_amp_28g[3],1,
33,LO,i_bias_lo_amp_28g[2],1,
32,LO,i_bias_lo_amp_28g[1],0,
31,LO,i_bias_lo_amp_28g[0],0,
30,LO,i_bias_lo_quad_115g[5],0,
29,LO,i_bias_lo_quad_115g[4],1,
28,LO,i_bias_lo_quad_115g[3],0,
27,LO,i_bias_lo_quad_115g[2],0,
26,LO,i_bias_lo_quad_115g[1],0,
25,LO,i_bias_lo_quad_115g[0],1,
24,LO,i_bias_lo_amp_115g_s1[5],0,
23,LO,i_bias_lo_amp_115g_s1[4],0,
22,LO,i_bias_lo_amp_115g_s1[3],1,
21,LO,i_bias_lo_amp_115g_s1[2],1,
20,LO,i_bias_lo_amp_115g_s1[1],0,
19,LO,i_bias_lo_amp_115g_s1[0],0,
18,LO,i_bias_lo_amp_115g_s2[5],0,
17,LO,i_bias_lo_amp_115g_s2[4],0,
16,LO,i_bias_lo_amp_115g_s2[3],1,
15,LO,i_bias_lo_amp_115g_s2[2],1,
14,LO,i_bias_lo_amp_115g_s2[1],0,
13,LO,i_bias_lo_amp_115g_s2[0],0,
12,LO,i_bias_lo_amp_115g_s3[5],0,
11,LO,i_bias_lo_amp_115g_s3[4],0,
10,LO,i_bias_lo_amp_115g_s3[3],1,
9,LO,i_bias_lo_amp_115g_s3[2],1,
8,LO,i_bias_lo_amp_115g_s3[1],0,
7,LO,i_bias_lo_amp_115g_s3[0],0,
6,LO,v_dac_mixer_amp_en[0],1,
5,LO,v_dac_mixer[5],0,
4,LO,v_dac_mixer[4],0,
3,LO,v_dac_mixer[3],1,
2,LO,v_dac_mixer[2],1,
1,LO,v_dac_mixer[1],0,
0,LO,v_dac_mixer[0],0,
